Source:,C:\Users\lafky\Desktop\pentester\RFLeo Design\KiCad\mega_nrf24_usb.sch,,,,,
Date:,2/12/2021 17:56,,,,,
Tool:,Eeschema (5.1.9)-1,,,,,
Generator:,C:\Program Files\KiCad\bin\scripting\plugins/bom_csv_grouped_by_value.py,,,,,
Component Count:,11,,,,,
,,,,,,
Individual Components:,,,,,,
,,,,,,
Item,Qty,Reference(s),Value,LibPart,Footprint,Datasheet
,,C1,10uf,Device:C,Capacitor_SMD:C_0603_1608Metric,
,,C3,1UF,Device:C,Capacitor_SMD:C_0603_1608Metric_Pad1.05x0.95mm_HandSolder,
,,D1,1N459,Diode:1N914,Diode_SMD:D_SMF,http://www.vishay.com/docs/85622/1n914.pdf
,,D2,1N459,Diode:1N914,Diode_SMD:D_SMF,http://www.vishay.com/docs/85622/1n914.pdf
,,D3,D_TVS_x2_AAC,Device:D_TVS_x2_AAC,Package_TO_SOT_SMD:SOT-23,~
,,ICSP1,NO POP,Connector_Generic:Conn_02x03_Odd_Even,Connector_PinHeader_2.54mm:PinHeader_2x03_P2.54mm_Vertical,
,,J1,4p-2.54,Connector_Generic:Conn_02x04_Odd_Even,Connector_PinSocket_2.54mm:PinSocket_2x04_P2.54mm_Vertical,
,,J2,USB_A,Connector:USB_A,digikey-footprints:USB_Male_A_UP2-AH-1-TH, ~
,,J3,"NO POP, user port",Connector:Conn_01x06_Male,Wickerlib:CONN-HEADER-STRAIGHT-P2.54MM-2x03,~
,,U1,ATMEGA32U4-AU,MCU_Microchip_ATmega:ATmega32U4-AU,Package_QFP:TQFP-44_10x10mm_P0.8mm,
,,Y1,16MHZ,Device:Crystal_GND2,Crystal:Resonator_SMD_muRata_CSTxExxV-3Pin_3.0x1.1mm_HandSoldering,
,,,,,,
,,,,,,
,,,,,,
Collated Components:,,,,,,
,,,,,,
Item,Qty,Reference(s),Value,LibPart,Footprint,Datasheet
1,1,C1,10uf,Device:C,Capacitor_SMD:C_0603_1608Metric,
2,1,C3,1UF,Device:C,Capacitor_SMD:C_0603_1608Metric_Pad1.05x0.95mm_HandSolder,
3,2,"D1, D2",1N459,Diode:1N914,Diode_SMD:D_SMF,http://www.vishay.com/docs/85622/1n914.pdf
4,1,D3,D_TVS_x2_AAC,Device:D_TVS_x2_AAC,Package_TO_SOT_SMD:SOT-23,~
5,1,ICSP1,NO POP,Connector_Generic:Conn_02x03_Odd_Even,Connector_PinHeader_2.54mm:PinHeader_2x03_P2.54mm_Vertical,
6,1,J1,4p-2.54,Connector_Generic:Conn_02x04_Odd_Even,Connector_PinSocket_2.54mm:PinSocket_2x04_P2.54mm_Vertical,
7,1,J2,USB_A,Connector:USB_A,digikey-footprints:USB_Male_A_UP2-AH-1-TH, ~
8,1,J3,"NO POP, user port",Connector:Conn_01x06_Male,Wickerlib:CONN-HEADER-STRAIGHT-P2.54MM-2x03,~
9,1,U1,ATMEGA32U4-AU,MCU_Microchip_ATmega:ATmega32U4-AU,Package_QFP:TQFP-44_10x10mm_P0.8mm,
10,1,Y1,16MHZ,Device:Crystal_GND2,Crystal:Resonator_SMD_muRata_CSTxExxV-3Pin_3.0x1.1mm_HandSoldering,
