Source:,C:\Users\lafky\Desktop\pentester\RFLeo Design\Shield\nrfShield\nrfShield.sch,,,,,,,
Date:,4/20/2021 10:58,,,,,,,
Tool:,Eeschema (5.1.9)-1,,,,,,,
Generator:,C:\Program Files\KiCad\bin\scripting\plugins/bom_csv_grouped_by_value.py,,,,,,,
Component Count:,10,,,,,,,
,,,,,,,,
Individual Components:,,,,,,,,
,,,,,,,,
Item,Qty,Reference(s),Value,Footprint,Datasheet,Description,Populate,Provide Parts
,,C1,10uF,Capacitor_SMD:C_0603_1608Metric,~,20%,Y,Y
,,J1,NRF,ffldU:smdNRFHeader,~,SMT 2.54mm 02x04 Female Header,Y,Y
,,P1,Power,Socket_Arduino_Uno:Socket_Strip_Arduino_1x08,,"THT, single row 2.54mm Male Header",NO,Y
,,P2,Analog,Socket_Arduino_Uno:Socket_Strip_Arduino_1x06,,"THT, single row 2.54mm Male Header",NO,Y
,,P3,Digital,Socket_Arduino_Uno:Socket_Strip_Arduino_1x10,,"THT, single row 2.54mm Male Header",NO,Y
,,P4,Digital,Socket_Arduino_Uno:Socket_Strip_Arduino_1x08,,"THT, single row 2.54mm Male Header",NO,Y
,,P5,CONN_01X01,Socket_Arduino_Uno:Arduino_1pin,,"THT, single row 2.54mm Male Header",NO,NO
,,P6,CONN_01X01,Socket_Arduino_Uno:Arduino_1pin,,"THT, single row 2.54mm Male Header",NO,NO
,,P7,CONN_01X01,Socket_Arduino_Uno:Arduino_1pin,,"THT, single row 2.54mm Male Header",NO,NO
,,P8,CONN_01X01,Socket_Arduino_Uno:Arduino_1pin,,"THT, single row 2.54mm Male Header",NO,NO
,,,,,,,,
,,,,,,,,
,,,,,,,,
Collated Components:,,,,,,,,
,,,,,,,,
Item,Qty,Reference(s),Value,Footprint,Datasheet,Description,Populate,Provide Parts
1,1,C1,10uF,Capacitor_SMD:C_0603_1608Metric,~,20%,Y,Y
2,1,J1,NRF,ffldU:smdNRFHeader,~,SMT 2.54mm 02x04 Female Header,Y,Y
3,1,P1,Power,Socket_Arduino_Uno:Socket_Strip_Arduino_1x08,,"THT, single row 2.54mm Male Header",NO,Y
4,1,P2,Analog,Socket_Arduino_Uno:Socket_Strip_Arduino_1x06,,"THT, single row 2.54mm Male Header",NO,Y
5,1,P3,Digital,Socket_Arduino_Uno:Socket_Strip_Arduino_1x10,,"THT, single row 2.54mm Male Header",NO,Y
6,1,P4,Digital,Socket_Arduino_Uno:Socket_Strip_Arduino_1x08,,"THT, single row 2.54mm Male Header",NO,Y
7,4,"P5, P6, P7, P8",CONN_01X01,Socket_Arduino_Uno:Arduino_1pin,,"THT, single row 2.54mm Male Header",NO,NO
